pdb,resnum,delta_deg,floor_sigma_deg
107L,44,-1.0506008673121983,0.7538324304526631
108L,44,0.9560700467428518,0.7538324304526631
109L,44,-2.4888030726566654,0.7538324304526631
110L,44,0.014454951228941582,0.7538324304526631
111L,44,-0.16189385108336296,0.7538324304526631
112L,44,-0.48366654024931677,0.7538324304526631
113L,44,-0.5181094557385677,0.7538324304526631
114L,44,0.8240473117645308,0.7538324304526631
115L,44,0.8612084641883797,0.7538324304526631
118L,130,-0.868627242641665,0.6641659251259824
119L,134,0.7450807094543848,1.4929066412776826
120L,41,-0.31143180405481985,0.9242329275755937
122L,73,0.5842794764391783,0.9880768910323628
123L,82,-2.367457168682108,1.0515223196415733
125L,98,-1.96430182629517,0.6930092159773278
126L,149,0.29783138578841317,0.5609384063925688
127L,75,0.15089775034539343,1.066519897252068
128L,87,0.09445200169707846,0.951158197710714
129L,93,-0.4241756554592655,0.9725894533963829
130L,151,-0.08304066626531892,0.8417646015812953
131L,26,5.0367096477544955,1.0387394078254595
137L,44,-2.6961398755979644,0.7538324304526631
138L,93,-2.2457399263985707,0.9725894533963829
148L,26,-3.8027018349221464,1.0387394078254595
160L,120,1.3062783866157588,0.8437363706668298
161L,116,-0.6571464205221815,0.758805063079232
162L,122,-2.355996238581838,0.8929915558691655
163L,123,0.1612177129579493,1.339916621368327
164L,119,0.7982644373944083,1.0739905401736074
165L,117,-0.45852539392988945,0.9064194333004084
166L,115,2.0191993476570502,1.5913829477276997
171L,45,-0.10276559511045491,0.7565251058601093
175L,96,-2.019673815456784,0.9584848417792475
180L,26,1.060914543084806,1.0387394078254595
181L,99,-1.649934121549549,0.6241814912817539
182L,99,-0.9561617592126339,0.6241814912817539
183L,99,-0.7542709005802806,0.6241814912817539
184L,99,-0.8756343391184487,0.6241814912817539
185L,99,-0.6520889438634327,0.6241814912817539
186L,99,-0.9141878404619348,0.6241814912817539
187L,99,-0.5833849574248404,0.6241814912817539
188L,99,-1.0301147109227173,0.6241814912817539
195L,129,-3.417428216915198,0.8456679496992919
196L,129,-4.017847790285117,0.8456679496992919
1C60,153,0.708074684571784,0.395143047949601
1C61,153,1.3210365520054097,0.395143047949601
1C62,153,1.725988399469074,0.395143047949601
1C63,121,-4.524113416743589,0.9316607547812871
1C64,121,-0.7213567309234463,0.9316607547812871
1C65,121,-3.425646947731053,0.9316607547812871
1C6C,99,-0.8033984746616056,0.6241814912817539
1C6D,99,-1.4799817461847056,0.6241814912817539
1C6E,99,-0.1194922631539157,0.6241814912817539
1C6F,99,-0.7562493057143627,0.6241814912817539
1C6G,99,-0.923926917142623,0.6241814912817539
1C6H,99,-0.9635256306870161,0.6241814912817539
1C6I,99,-0.18306010909469705,0.6241814912817539
1C6J,99,-1.0351022920822146,0.6241814912817539
1C6K,99,-0.5494542724992613,0.6241814912817539
1CTW,78,3.3596217166954716,1.027232528015114
1CU0,78,-3.919947906627229,1.027232528015114
1CU2,84,-3.9621703471453316,1.1589584866848808
1CU3,87,-5.328968342513733,0.951158197710714
1CU5,91,-1.169140759587421,2.0758741401809453
1CU6,91,-0.5024943300693394,2.0758741401809453
1CUP,100,-1.413242427823974,0.5856755623039813
1CUQ,103,0.7759322959039707,0.9642573191152842
1CV0,104,-1.0954644223743628,1.0054486845384507
1CV1,111,-32.62754700265391,2.0535103001974866
1CV3,121,-0.1734795948045189,0.9316607547812871
1CV4,118,0.09791276330757626,0.7002522660078451
1CV5,133,-2.481035139857468,0.9398868333971597
1CV6,149,-2.1610014290283743,0.5609384063925688
1CVK,118,-2.6770576811851328,0.7002522660078451
1D2W,27,1.5822080712166624,0.6492944534789572
1D2Y,50,-2.885855083070723,0.9829748587953889
1D3F,58,-2.2532037422686813,1.0657895764839695
1D3J,66,-1.5788018356028175,0.8891614010156388
1G06,149,-0.3522173889275706,0.5609384063925688
1G07,149,-0.15943108001874862,0.5609384063925688
1G0G,152,1.6756608824130694,0.48603737130893965
1G0J,152,-0.3203374557826777,0.48603737130893965
1G0K,152,-1.1366925496033247,0.48603737130893965
1G0L,152,-0.705767075707243,0.48603737130893965
1G0M,152,-1.8354124831276124,0.48603737130893965
1G0P,149,-0.7981114727543428,0.5609384063925688
1G0Q,149,-1.1303246439893542,0.5609384063925688
1G1V,58,-2.908472680294807,1.0657895764839695
1G1W,105,-2.1866277924512474,1.1553372867438956
1I6S,101,0.5970484369630071,0.658492207273177
1JQU,158,-3.0891796873151804,1.0437226739968966
1L39,144,-0.3586255721150735,0.6754495815123361
1L40,144,0.4468318595511249,0.6754495815123361
1L54,102,1.0528897755081488,0.6134735108571925
1L55,92,-0.12929232458844808,0.6704046025226343
1L59,109,-0.21723765255323713,1.5906039216339538
1L61,38,4.110158348711742,1.3670620851360884
1L62,109,0.609347650693465,1.5906039216339538
1L65,47,-0.30164247706699143,1.236481251725253
1L66,43,1.082452435309051,1.60800512034511
1L67,46,0.6208371095823253,1.1296285073415873
1L68,44,0.04700830637160891,0.7538324304526631
1L76,72,-0.4976679709465941,1.1008904589995159
1L77,102,-0.16008705096623999,0.6134735108571925
1L83,99,-1.123373751359921,0.6241814912817539
1L85,153,0.0596275125605672,0.395143047949601
1L86,153,0.3033792580096133,0.395143047949601
1L87,153,-2.652128667016868,0.395143047949601
1L88,153,-1.419941942007128,0.395143047949601
1L90,99,-0.09329553968488824,0.6241814912817539
1L91,99,-0.7912982349194237,0.6241814912817539
1L92,99,-0.02928855400273278,0.6241814912817539
1L93,99,-0.884819619076282,0.6241814912817539
1L94,99,0.7003096561911946,0.6241814912817539
1L95,153,0.8921993786405693,0.395143047949601
1LLH,157,-2.278805265546282,1.4875904721048192
1LYE,59,6.181996280843649,1.1114199473304645
1LYF,59,0.6646132696839473,1.1114199473304645
1LYG,59,3.960785119201155,1.1114199473304645
1LYH,59,3.437899324792582,1.1114199473304645
1LYI,59,5.4742929631759765,1.1114199473304645
1LYJ,59,1.5301623038856675,1.1114199473304645
1NHB,99,-0.9115676662060395,0.6241814912817539
1P2L,87,-0.5142940537331953,0.951158197710714
1P2R,78,-2.504167917055895,1.027232528015114
1P36,100,0.10288985627681768,0.5856755623039813
1P46,106,5.158631819916508,1.366023487587988
1P64,133,-0.6302484766519285,0.9398868333971597
1P6Y,120,1.6945048230045217,0.8437363706668298
1P7S,103,-2.5415278624987536,0.9642573191152842
1PQO,118,0.1246480066286324,0.7002522660078451
1QS5,98,-6.254842808704211,0.6930092159773278
1QS9,98,-3.128234022598633,0.6930092159773278
1QSB,98,-3.2044820264816423,0.6930092159773278
1QSQ,106,1.6384744913836045,1.366023487587988
1QT3,26,0.6323426918109014,1.0387394078254595
1QT4,26,-0.27347042492901963,1.0387394078254595
1QT5,20,4.045442540543334,1.6232718759729048
1QT6,11,-0.4193612632201109,1.2367951012884641
1QT7,11,-1.7012118155137443,1.2367951012884641
1QT8,26,2.2273999335545405,1.0387394078254595
1QTB,42,-2.8484448266130187,0.689731398172622
1QTC,129,0.9994698007564864,0.8456679496992919
1QTD,129,2.5751839314140312,0.8456679496992919
1QTH,98,1.791859524711768,0.6930092159773278
1QTV,26,0.34053980266812545,1.0387394078254595
1QTZ,20,2.761880086372777,1.6232718759729048
1QUD,99,-1.6445217505723946,0.6241814912817539
1QUG,108,0.3201380690973963,1.0654859607893692
1TLA,117,-1.8626299544085754,0.9064194333004084
1ZUR,131,-0.5597506062978397,0.6600228146828867
1ZWN,131,-0.46438714544760273,0.6600228146828867
1ZYT,82,-0.41954322001262767,1.0515223196415733
200L,121,-3.594619017773198,0.9316607547812871
206L,42,-1.1613760959289152,0.689731398172622
216L,44,-0.39420395972960875,0.7538324304526631
217L,44,-1.1064186186623886,0.7538324304526631
220L,102,-1.2307746842868994,0.6134735108571925
221L,49,-1.2174604733690302,0.7463552182314325
222L,102,0.5491219068518376,0.6134735108571925
224L,93,-0.6333665348106905,0.9725894533963829
227L,104,0.26786063572730257,1.0054486845384507
228L,104,1.2629163185850416,1.0054486845384507
229L,95,-1.1871742079974155,1.3438455389228288
230L,6,1.0210337484296872,0.7921670112259169
231L,106,-1.847173565710719,1.366023487587988
232L,120,-0.8288370815354398,0.8437363706668298
233L,120,-0.48800474928513893,0.8437363706668298
234L,106,-0.44590143421318373,1.366023487587988
235L,111,2.075974044479082,2.0535103001974866
236L,87,-0.1486077781844699,0.951158197710714
237L,149,0.43907160563527725,0.5609384063925688
238L,103,-1.1073083254974136,0.9642573191152842
239L,17,-2.6785569575787846,0.6005089824275089
240L,27,0.9631591199136906,0.6492944534789572
241L,29,-0.1488058609996301,0.8070801382642526
242L,50,1.5030351171355107,0.9829748587953889
243L,58,-4.565638964023265,1.0657895764839695
244L,100,-2.591087741128831,0.5856755623039813
245L,6,-0.7013606590023471,0.7921670112259169
246L,67,-0.7763467143039406,0.5760825566655893
247L,84,-1.1354379073934524,1.1589584866848808
253L,20,1.7155294676990565,1.6232718759729048
254L,20,-1.7482758926972295,1.6232718759729048
255L,20,-0.11561358365646868,1.6232718759729048
2A4T,131,-0.27139553569647035,0.6600228146828867
2B6T,99,0.28889551738568287,0.6241814912817539
2B6W,99,-0.08415187327658202,0.6241814912817539
2B6X,99,0.5376770351221865,0.6241814912817539
2B6Y,99,-0.1380206126630128,0.6241814912817539
2B6Z,99,-0.7326639749472008,0.6241814912817539
2B70,99,-0.4861021171414279,0.6241814912817539
2B72,99,-0.43775236221020464,0.6241814912817539
2B73,99,-0.27949588605503095,0.6241814912817539
2B74,99,0.21842582300961055,0.6241814912817539
2B75,99,0.17117956377045118,0.6241814912817539
2CUU,131,-0.7652560887129027,0.6600228146828867
2HUK,131,-1.1061697599858746,0.6600228146828867
2HUL,44,0.4971907435643459,0.7538324304526631
2HUM,72,3.2613134667570307,1.1008904589995159
2IGC,115,-6.79228430041843,1.5913829477276997
2L78,111,-19.45454233620771,2.0535103001974866
2LCB,99,-2.3740029755110754,0.6241814912817539
2NTG,115,-0.2721476415055406,1.5913829477276997
2NTH,118,1.9227601432313008,0.7002522660078451
2OTY,99,0.8344126082942722,0.6241814912817539
2OTZ,99,0.40243952584627607,0.6241814912817539
2OU0,99,0.6099070010122603,0.6241814912817539
2OU8,115,-0.1554846508595915,1.5913829477276997
2Q9D,41,-3.698108620978786,0.9242329275755937
2RAY,99,0.5838311932663771,0.6241814912817539
2RAZ,99,0.39400640972513656,0.6241814912817539
2RB0,99,0.2344173456869072,0.6241814912817539
2RB1,99,0.24117369435852254,0.6241814912817539
2RB2,99,-0.24747201767338822,0.6241814912817539
3DMV,99,0.2747163284086156,0.6241814912817539
3DMX,99,-0.006840377294892619,0.6241814912817539
3DMZ,99,0.19736026602608092,0.6241814912817539
3DN0,99,0.32842030033749836,0.6241814912817539
3DN1,99,-0.07448798766876052,0.6241814912817539
3DN2,99,0.18242821153020827,0.6241814912817539
3DN3,99,-0.10070903547872945,0.6241814912817539
3DN4,99,0.1899030900682135,0.6241814912817539
3DN6,99,-0.23397950903139986,0.6241814912817539
3DN8,99,-0.5808752919453184,0.6241814912817539
3DNA,99,-0.5130132811228663,0.6241814912817539
3G3V,131,-0.09388654319103296,0.6600228146828867
3G3W,151,0.725471179613038,0.8417646015812953
3G3X,151,-0.4865521520509901,0.8417646015812953
3HH3,99,-0.2708885755661754,0.6241814912817539
3HH4,99,-0.3481530856461035,0.6241814912817539
3HH5,99,-0.1747693285695675,0.6241814912817539
3HH6,99,0.1574189725439652,0.6241814912817539
3L64,44,-2.1669186506192943,0.7538324304526631
5G27,118,0.6779218311104529,0.7002522660078451
5JDT,118,1.445151120429415,0.7002522660078451
5JGN,9,0.5346090419395892,1.2217941143944187
5JGR,43,-1.3393888446015154,1.60800512034511
5JGU,119,-0.3723405866248868,1.0739905401736074
5JGV,73,0.5521683725180395,0.9880768910323628
5JGX,131,-1.2051050247771684,0.6600228146828867
5JGZ,151,-0.6542991020896949,0.8417646015812953
5JWS,99,0.3843589328707395,0.6241814912817539
5KI1,18,3.2660485821249523,1.5371221392249987
5KIG,88,0.38869733970440734,0.9012594979432726
5XPE,26,-0.4184941378385503,1.0387394078254595
5XPF,26,3.4364106715808695,1.0387394078254595
6U0F,99,-0.3346470187671571,0.6241814912817539
